SUPERFAMILY_ID	FUNFAM_NUMBER	EF	GENE	FUN_UP	REP_ID	PDB_CODE	CHAIN_CODE	AA_POS	PDB_RES_NAME	MFC_MUT_COUNT
3.10.200.10	1430	99	gene_na	up_na	3s72B00	3s72	B	-1	257	6
3.10.200.10	1430	99	gene_na	up_na	3s72B00	3s72	B	-1	74	1
3.10.200.10	1430	99	gene_na	up_na	3s72B00	3s72	B	-1	71	2
3.10.200.10	1430	99	gene_na	up_na	3s72B00	3s72	B	-1	220	1
3.10.200.10	1430	99	gene_na	up_na	3s72B00	3s72	B	-1	6	11
3.10.200.10	1430	99	gene_na	up_na	3s72B00	3s72	B	-1	70	3
3.10.200.10	1430	99	gene_na	up_na	3s72B00	3s72	B	-1	154	2
3.10.200.10	1430	99	gene_na	up_na	3s72B00	3s72	B	-1	223	2
3.10.200.10	1430	99	gene_na	up_na	3s72B00	3s72	B	-1	179	3
3.10.200.10	1430	99	gene_na	up_na	3s72B00	3s72	B	-1	164	2
3.10.200.10	1430	99	gene_na	up_na	3s72B00	3s72	B	-1	248	2
3.10.200.10	1430	99	gene_na	up_na	3s72B00	3s72	B	-1	124	5
3.10.200.10	1430	99	gene_na	up_na	3s72B00	3s72	B	-1	246	21
3.10.200.10	1430	99	gene_na	up_na	3s72B00	3s72	B	-1	38	9
3.10.200.10	1430	99	gene_na	up_na	3s72B00	3s72	B	-1	89	5
3.10.200.10	1430	99	gene_na	up_na	3s72B00	3s72	B	-1	83	14
3.10.200.10	1430	99	gene_na	up_na	3s72B00	3s72	B	-1	90	6
3.10.200.10	1430	99	gene_na	up_na	3s72B00	3s72	B	-1	148	1
3.10.200.10	1430	99	gene_na	up_na	3s72B00	3s72	B	-1	187	8
3.10.200.10	1430	99	gene_na	up_na	3s72B00	3s72	B	-1	181	7
3.10.200.10	1430	99	gene_na	up_na	3s72B00	3s72	B	-1	203	9
3.10.200.10	1430	99	gene_na	up_na	3s72B00	3s72	B	-1	202	3
3.10.200.10	1430	99	gene_na	up_na	3s72B00	3s72	B	-1	231	5
3.10.200.10	1430	99	gene_na	up_na	3s72B00	3s72	B	-1	253	5
3.10.200.10	1430	99	gene_na	up_na	3s72B00	3s72	B	-1	171	2
3.10.200.10	1430	99	gene_na	up_na	3s72B00	3s72	B	-1	31	6
3.10.200.10	1430	99	gene_na	up_na	3s72B00	3s72	B	-1	59	7
3.10.200.10	1430	99	gene_na	up_na	3s72B00	3s72	B	-1	25	5
3.10.200.10	1430	99	gene_na	up_na	3s72B00	3s72	B	-1	256	5
3.10.200.10	1430	99	gene_na	up_na	3s72B00	3s72	B	-1	245	6
3.10.200.10	1430	99	gene_na	up_na	3s72B00	3s72	B	-1	180	11
3.10.200.10	1430	99	gene_na	up_na	3s72B00	3s72	B	-1	209	1
3.10.200.10	1430	99	gene_na	up_na	3s72B00	3s72	B	-1	58	8
3.10.200.10	1430	99	gene_na	up_na	3s72B00	3s72	B	-1	150	6
3.10.200.10	1430	99	gene_na	up_na	3s72B00	3s72	B	-1	208	3
3.10.200.10	1430	99	gene_na	up_na	3s72B00	3s72	B	-1	119	3
3.10.200.10	1430	99	gene_na	up_na	3s72B00	3s72	B	-1	228	3
3.10.200.10	1430	99	gene_na	up_na	3s72B00	3s72	B	-1	102	6
3.10.200.10	1430	99	gene_na	up_na	3s72B00	3s72	B	-1	46	7
3.10.200.10	1430	99	gene_na	up_na	3s72B00	3s72	B	-1	63	9
3.10.200.10	1430	99	gene_na	up_na	3s72B00	3s72	B	-1	106	2
3.10.200.10	1430	99	gene_na	up_na	3s72B00	3s72	B	-1	240	1
3.10.200.10	1430	99	gene_na	up_na	3s72B00	3s72	B	-1	84	3
3.10.200.10	1430	99	gene_na	up_na	3s72B00	3s72	B	-1	259	5
3.10.200.10	1430	99	gene_na	up_na	3s72B00	3s72	B	-1	92	8
3.10.200.10	1430	99	gene_na	up_na	3s72B00	3s72	B	-1	32	3
3.10.200.10	1430	99	gene_na	up_na	3s72B00	3s72	B	-1	155	3
3.10.200.10	1430	99	gene_na	up_na	3s72B00	3s72	B	-1	117	6
3.10.200.10	1430	99	gene_na	up_na	3s72B00	3s72	B	-1	190	3
3.10.200.10	1430	99	gene_na	up_na	3s72B00	3s72	B	-1	201	2
3.10.200.10	1430	99	gene_na	up_na	3s72B00	3s72	B	-1	238	9
3.10.200.10	1430	99	gene_na	up_na	3s72B00	3s72	B	-1	185	2
3.10.200.10	1430	99	gene_na	up_na	3s72B00	3s72	B	-1	65	4
3.10.200.10	1430	99	gene_na	up_na	3s72B00	3s72	B	-1	16	3
3.10.200.10	1430	99	gene_na	up_na	3s72B00	3s72	B	-1	243	5
3.10.200.10	1430	99	gene_na	up_na	3s72B00	3s72	B	-1	96	7
3.10.200.10	1430	99	gene_na	up_na	3s72B00	3s72	B	-1	27	11
3.10.200.10	1430	99	gene_na	up_na	3s72B00	3s72	B	-1	227	20
3.10.200.10	1430	99	gene_na	up_na	3s72B00	3s72	B	-1	26	7
3.10.200.10	1430	99	gene_na	up_na	3s72B00	3s72	B	-1	159	12
3.10.200.10	1430	99	gene_na	up_na	3s72B00	3s72	B	-1	121	2
3.10.200.10	1430	99	gene_na	up_na	3s72B00	3s72	B	-1	170	3
3.10.200.10	1430	99	gene_na	up_na	3s72B00	3s72	B	-1	29	7
3.10.200.10	1430	99	gene_na	up_na	3s72B00	3s72	B	-1	166	3
3.10.200.10	1430	99	gene_na	up_na	3s72B00	3s72	B	-1	198	2
3.10.200.10	1430	99	gene_na	up_na	3s72B00	3s72	B	-1	212	2
3.10.200.10	1430	99	gene_na	up_na	3s72B00	3s72	B	-1	108	9
3.10.200.10	1430	99	gene_na	up_na	3s72B00	3s72	B	-1	104	7
3.10.200.10	1430	99	gene_na	up_na	3s72B00	3s72	B	-1	127	3
3.10.200.10	1430	99	gene_na	up_na	3s72B00	3s72	B	-1	54	6
3.10.200.10	1430	99	gene_na	up_na	3s72B00	3s72	B	-1	162	4
3.10.200.10	1430	99	gene_na	up_na	3s72B00	3s72	B	-1	69	7
3.10.200.10	1430	99	gene_na	up_na	3s72B00	3s72	B	-1	13	9
3.10.200.10	1430	99	gene_na	up_na	3s72B00	3s72	B	-1	225	6
3.10.200.10	1430	99	gene_na	up_na	3s72B00	3s72	B	-1	152	4
3.10.200.10	1430	99	gene_na	up_na	3s72B00	3s72	B	-1	53	4
3.10.200.10	1430	99	gene_na	up_na	3s72B00	3s72	B	-1	172	6
3.10.200.10	1430	99	gene_na	up_na	3s72B00	3s72	B	-1	51	8
3.10.200.10	1430	99	gene_na	up_na	3s72B00	3s72	B	-1	88	3
3.10.200.10	1430	99	gene_na	up_na	3s72B00	3s72	B	-1	214	5
3.10.200.10	1430	99	gene_na	up_na	3s72B00	3s72	B	-1	195	10
3.10.200.10	1430	99	gene_na	up_na	3s72B00	3s72	B	-1	17	2
3.10.200.10	1430	99	gene_na	up_na	3s72B00	3s72	B	-1	62	3
3.10.200.10	1430	99	gene_na	up_na	3s72B00	3s72	B	-1	11	6
3.10.200.10	1430	99	gene_na	up_na	3s72B00	3s72	B	-1	48	4
3.10.200.10	1430	99	gene_na	up_na	3s72B00	3s72	B	-1	82	6
3.10.200.10	1430	99	gene_na	up_na	3s72B00	3s72	B	-1	112	3
3.10.200.10	1430	99	gene_na	up_na	3s72B00	3s72	B	-1	138	9
3.10.200.10	1430	99	gene_na	up_na	3s72B00	3s72	B	-1	142	12
3.10.200.10	1430	99	gene_na	up_na	3s72B00	3s72	B	-1	252	3
3.10.200.10	1430	99	gene_na	up_na	3s72B00	3s72	B	-1	109	3
3.10.200.10	1430	99	gene_na	up_na	3s72B00	3s72	B	-1	129	4
3.10.200.10	1430	99	gene_na	up_na	3s72B00	3s72	B	-1	94	4
3.10.200.10	1430	99	gene_na	up_na	3s72B00	3s72	B	-1	33	2
3.10.200.10	1430	99	gene_na	up_na	3s72B00	3s72	B	-1	111	13
3.10.200.10	1430	99	gene_na	up_na	3s72B00	3s72	B	-1	176	3
3.10.200.10	1430	99	gene_na	up_na	3s72B00	3s72	B	-1	8	4
3.10.200.10	1430	99	gene_na	up_na	3s72B00	3s72	B	-1	131	2
3.10.200.10	1430	99	gene_na	up_na	3s72B00	3s72	B	-1	140	7
3.10.200.10	1430	99	gene_na	up_na	3s72B00	3s72	B	-1	42	5
3.10.200.10	1430	99	gene_na	up_na	3s72B00	3s72	B	-1	41	3
3.10.200.10	1430	99	gene_na	up_na	3s72B00	3s72	B	-1	258	2
3.10.200.10	1430	99	gene_na	up_na	3s72B00	3s72	B	-1	254	6
3.10.200.10	1430	99	gene_na	up_na	3s72B00	3s72	B	-1	145	4
3.10.200.10	1430	99	gene_na	up_na	3s72B00	3s72	B	-1	24	5
3.10.200.10	1430	99	gene_na	up_na	3s72B00	3s72	B	-1	35	5
3.10.200.10	1430	99	gene_na	up_na	3s72B00	3s72	B	-1	247	5
3.10.200.10	1430	99	gene_na	up_na	3s72B00	3s72	B	-1	136	6
3.10.200.10	1430	99	gene_na	up_na	3s72B00	3s72	B	-1	135	2
3.10.200.10	1430	99	gene_na	up_na	3s72B00	3s72	B	-1	80	3
3.10.200.10	1430	99	gene_na	up_na	3s72B00	3s72	B	-1	120	2
3.10.200.10	1430	99	gene_na	up_na	3s72B00	3s72	B	-1	87	3
3.10.200.10	1430	99	gene_na	up_na	3s72B00	3s72	B	-1	241	2
3.10.200.10	1430	99	gene_na	up_na	3s72B00	3s72	B	-1	14	3
3.10.200.10	1430	99	gene_na	up_na	3s72B00	3s72	B	-1	115	5
3.10.200.10	1430	99	gene_na	up_na	3s72B00	3s72	B	-1	211	1
3.10.200.10	1430	99	gene_na	up_na	3s72B00	3s72	B	-1	93	10
3.10.200.10	1430	99	gene_na	up_na	3s72B00	3s72	B	-1	110	6
3.10.200.10	1430	99	gene_na	up_na	3s72B00	3s72	B	-1	168	4
3.10.200.10	1430	99	gene_na	up_na	3s72B00	3s72	B	-1	141	2
3.10.200.10	1430	99	gene_na	up_na	3s72B00	3s72	B	-1	12	4
3.10.200.10	1430	99	gene_na	up_na	3s72B00	3s72	B	-1	250	2
3.10.200.10	1430	99	gene_na	up_na	3s72B00	3s72	B	-1	91	8
3.10.200.10	1430	99	gene_na	up_na	3s72B00	3s72	B	-1	251	2
3.10.200.10	1430	99	gene_na	up_na	3s72B00	3s72	B	-1	175	4
3.10.200.10	1430	99	gene_na	up_na	3s72B00	3s72	B	-1	196	4
3.10.200.10	1430	99	gene_na	up_na	3s72B00	3s72	B	-1	57	2
3.10.200.10	1430	99	gene_na	up_na	3s72B00	3s72	B	-1	188	4
3.10.200.10	1430	99	gene_na	up_na	3s72B00	3s72	B	-1	105	2
3.10.200.10	1430	99	gene_na	up_na	3s72B00	3s72	B	-1	161	4
3.10.200.10	1430	99	gene_na	up_na	3s72B00	3s72	B	-1	213	7
3.10.200.10	1430	99	gene_na	up_na	3s72B00	3s72	B	-1	249	4
3.10.200.10	1430	99	gene_na	up_na	3s72B00	3s72	B	-1	197	6
3.10.200.10	1430	99	gene_na	up_na	3s72B00	3s72	B	-1	199	1
3.10.200.10	1430	99	gene_na	up_na	3s72B00	3s72	B	-1	222	1
3.10.200.10	1430	99	gene_na	up_na	3s72B00	3s72	B	-1	229	4
3.10.200.10	1430	99	gene_na	up_na	3s72B00	3s72	B	-1	113	3
3.10.200.10	1430	99	gene_na	up_na	3s72B00	3s72	B	-1	95	6
3.10.200.10	1430	99	gene_na	up_na	3s72B00	3s72	B	-1	236	5
3.10.200.10	1430	99	gene_na	up_na	3s72B00	3s72	B	-1	189	2
3.10.200.10	1430	99	gene_na	up_na	3s72B00	3s72	B	-1	30	7
3.10.200.10	1430	99	gene_na	up_na	3s72B00	3s72	B	-1	205	7
3.10.200.10	1430	99	gene_na	up_na	3s72B00	3s72	B	-1	178	3
3.10.200.10	1430	99	gene_na	up_na	3s72B00	3s72	B	-1	193	11
3.10.200.10	1430	99	gene_na	up_na	3s72B00	3s72	B	-1	45	5
3.10.200.10	1430	99	gene_na	up_na	3s72B00	3s72	B	-1	261	4
3.10.200.10	1430	99	gene_na	up_na	3s72B00	3s72	B	-1	194	2
3.10.200.10	1430	99	gene_na	up_na	3s72B00	3s72	B	-1	226	2
3.10.200.10	1430	99	gene_na	up_na	3s72B00	3s72	B	-1	216	4
3.10.200.10	1430	99	gene_na	up_na	3s72B00	3s72	B	-1	183	5
3.10.200.10	1430	99	gene_na	up_na	3s72B00	3s72	B	-1	137	9
3.10.200.10	1430	99	gene_na	up_na	3s72B00	3s72	B	-1	81	6
3.10.200.10	1430	99	gene_na	up_na	3s72B00	3s72	B	-1	40	3
3.10.200.10	1430	99	gene_na	up_na	3s72B00	3s72	B	-1	200	4
3.10.200.10	1430	99	gene_na	up_na	3s72B00	3s72	B	-1	43	3
3.10.200.10	1430	99	gene_na	up_na	3s72B00	3s72	B	-1	237	6
3.10.200.10	1430	99	gene_na	up_na	3s72B00	3s72	B	-1	130	1
3.10.200.10	1430	99	gene_na	up_na	3s72B00	3s72	B	-1	163	7
3.10.200.10	1430	99	gene_na	up_na	3s72B00	3s72	B	-1	242	2
3.10.200.10	1430	99	gene_na	up_na	3s72B00	3s72	B	-1	56	3
3.10.200.10	1430	99	gene_na	up_na	3s72B00	3s72	B	-1	210	3
3.10.200.10	1430	99	gene_na	up_na	3s72B00	3s72	B	-1	66	2
3.10.200.10	1430	99	gene_na	up_na	3s72B00	3s72	B	-1	232	1
3.10.200.10	1430	99	gene_na	up_na	3s72B00	3s72	B	-1	37	4
3.10.200.10	1430	99	gene_na	up_na	3s72B00	3s72	B	-1	156	3
3.10.200.10	1430	99	gene_na	up_na	3s72B00	3s72	B	-1	7	2
3.10.200.10	1430	99	gene_na	up_na	3s72B00	3s72	B	-1	55	1
3.10.200.10	1430	99	gene_na	up_na	3s72B00	3s72	B	-1	153	7
3.10.200.10	1430	99	gene_na	up_na	3s72B00	3s72	B	-1	221	5
3.10.200.10	1430	99	gene_na	up_na	3s72B00	3s72	B	-1	182	3
3.10.200.10	1430	99	gene_na	up_na	3s72B00	3s72	B	-1	177	2
3.10.200.10	1430	99	gene_na	up_na	3s72B00	3s72	B	-1	134	6
3.10.200.10	1430	99	gene_na	up_na	3s72B00	3s72	B	-1	73	3
3.10.200.10	1430	99	gene_na	up_na	3s72B00	3s72	B	-1	218	6
3.10.200.10	1430	99	gene_na	up_na	3s72B00	3s72	B	-1	97	2
3.10.200.10	1430	99	gene_na	up_na	3s72B00	3s72	B	-1	122	3
3.10.200.10	1430	99	gene_na	up_na	3s72B00	3s72	B	-1	72	2
3.10.200.10	1430	99	gene_na	up_na	3s72B00	3s72	B	-1	101	5
3.10.200.10	1430	99	gene_na	up_na	3s72B00	3s72	B	-1	39	7
3.10.200.10	1430	99	gene_na	up_na	3s72B00	3s72	B	-1	234	2
3.10.200.10	1430	99	gene_na	up_na	3s72B00	3s72	B	-1	9	3
3.10.200.10	1430	99	gene_na	up_na	3s72B00	3s72	B	-1	28	1
3.10.200.10	1430	99	gene_na	up_na	3s72B00	3s72	B	-1	103	4
3.10.200.10	1430	99	gene_na	up_na	3s72B00	3s72	B	-1	98	5
3.10.200.10	1430	99	gene_na	up_na	3s72B00	3s72	B	-1	192	1
3.10.200.10	1430	99	gene_na	up_na	3s72B00	3s72	B	-1	224	2
3.10.200.10	1430	99	gene_na	up_na	3s72B00	3s72	B	-1	85	5
3.10.200.10	1430	99	gene_na	up_na	3s72B00	3s72	B	-1	36	4
3.10.200.10	1430	99	gene_na	up_na	3s72B00	3s72	B	-1	139	4
3.10.200.10	1430	99	gene_na	up_na	3s72B00	3s72	B	-1	149	1
3.10.200.10	1430	99	gene_na	up_na	3s72B00	3s72	B	-1	116	5
3.10.200.10	1430	99	gene_na	up_na	3s72B00	3s72	B	-1	10	4
3.10.200.10	1430	99	gene_na	up_na	3s72B00	3s72	B	-1	49	7
3.10.200.10	1430	99	gene_na	up_na	3s72B00	3s72	B	-1	147	3
3.10.200.10	1430	99	gene_na	up_na	3s72B00	3s72	B	-1	217	5
3.10.200.10	1430	99	gene_na	up_na	3s72B00	3s72	B	-1	15	3
3.10.200.10	1430	99	gene_na	up_na	3s72B00	3s72	B	-1	160	1
3.10.200.10	1430	99	gene_na	up_na	3s72B00	3s72	B	-1	52	2
3.10.200.10	1430	99	gene_na	up_na	3s72B00	3s72	B	-1	144	2
3.10.200.10	1430	99	gene_na	up_na	3s72B00	3s72	B	-1	233	2
3.10.200.10	1430	99	gene_na	up_na	3s72B00	3s72	B	-1	132	4
3.10.200.10	1430	99	gene_na	up_na	3s72B00	3s72	B	-1	34	2
3.10.200.10	1430	99	gene_na	up_na	3s72B00	3s72	B	-1	86	7
3.10.200.10	1430	99	gene_na	up_na	3s72B00	3s72	B	-1	230	4
3.10.200.10	1430	99	gene_na	up_na	3s72B00	3s72	B	-1	151	6
3.10.200.10	1430	99	gene_na	up_na	3s72B00	3s72	B	-1	64	1
3.10.200.10	1430	99	gene_na	up_na	3s72B00	3s72	B	-1	143	4
3.10.200.10	1430	99	gene_na	up_na	3s72B00	3s72	B	-1	61	2
3.10.200.10	1430	99	gene_na	up_na	3s72B00	3s72	B	-1	206	3
3.10.200.10	1430	99	gene_na	up_na	3s72B00	3s72	B	-1	128	2
3.10.200.10	1430	99	gene_na	up_na	3s72B00	3s72	B	-1	99	3
3.10.200.10	1430	99	gene_na	up_na	3s72B00	3s72	B	-1	67	1
3.10.200.10	1430	99	gene_na	up_na	3s72B00	3s72	B	-1	219	4
3.10.200.10	1430	99	gene_na	up_na	3s72B00	3s72	B	-1	125	4
3.10.200.10	1430	99	gene_na	up_na	3s72B00	3s72	B	-1	133	2
3.10.200.10	1430	99	gene_na	up_na	3s72B00	3s72	B	-1	21	6
3.10.200.10	1430	99	gene_na	up_na	3s72B00	3s72	B	-1	79	4
3.10.200.10	1430	99	gene_na	up_na	3s72B00	3s72	B	-1	75	5
3.10.200.10	1430	99	gene_na	up_na	3s72B00	3s72	B	-1	167	2
3.10.200.10	1430	99	gene_na	up_na	3s72B00	3s72	B	-1	186	2
3.10.200.10	1430	99	gene_na	up_na	3s72B00	3s72	B	-1	158	2
3.10.200.10	1430	99	gene_na	up_na	3s72B00	3s72	B	-1	191	1
3.10.200.10	1430	99	gene_na	up_na	3s72B00	3s72	B	-1	244	3
3.10.200.10	1430	99	gene_na	up_na	3s72B00	3s72	B	-1	235	3
3.10.200.10	1430	99	gene_na	up_na	3s72B00	3s72	B	-1	23	1
3.10.200.10	1430	99	gene_na	up_na	3s72B00	3s72	B	-1	207	1
3.10.200.10	1430	99	gene_na	up_na	3s72B00	3s72	B	-1	146	2
3.10.200.10	1430	99	gene_na	up_na	3s72B00	3s72	B	-1	114	1
3.10.200.10	1430	99	gene_na	up_na	3s72B00	3s72	B	-1	50	3
3.10.200.10	1430	99	gene_na	up_na	3s72B00	3s72	B	-1	255	1
3.10.200.10	1430	99	gene_na	up_na	3s72B00	3s72	B	-1	4	3
3.10.200.10	1430	99	gene_na	up_na	3s72B00	3s72	B	-1	76	1
3.10.200.10	1430	99	gene_na	up_na	3s72B00	3s72	B	-1	100	1
3.10.200.10	1430	99	gene_na	up_na	3s72B00	3s72	B	-1	204	2
3.10.200.10	1430	99	gene_na	up_na	3s72B00	3s72	B	-1	174	1
3.10.200.10	1430	99	gene_na	up_na	3s72B00	3s72	B	-1	20	1
3.10.200.10	1430	99	gene_na	up_na	3s72B00	3s72	B	-1	68	1
3.10.200.10	1430	99	gene_na	up_na	3s72B00	3s72	B	-1	157	2
3.10.200.10	1430	99	gene_na	up_na	3s72B00	3s72	B	-1	22	1
3.10.200.10	1430	99	gene_na	up_na	3s72B00	3s72	B	-1	60	2
3.10.200.10	1430	99	gene_na	up_na	3s72B00	3s72	B	-1	169	3
3.10.200.10	1430	99	gene_na	up_na	3s72B00	3s72	B	-1	165	1
3.10.200.10	1430	99	gene_na	up_na	3s72B00	3s72	B	-1	184	1
